{"cameraMode":{"drawMode":0,"name":"Shaded","section":"Shading Mode"},"sceneLighting":true,"audioPlay":false,"sceneViewState":{"m_AlwaysRefresh":false,"showFog":true,"showSkybox":true,"showFlares":true,"showImageEffects":true,"showParticleSystems":true,"showVisualEffectGraphs":true,"m_FxEnabled":true},"in2DMode":false,"pivot":{"x":283.3096923828125,"y":349.1792297363281,"z":-55.544246673583987},"rotation":{"x":0.0037646868731826545,"y":0.9764285683631897,"z":0.01728825271129608,"w":-0.2154725193977356},"size":346.1031188964844,"orthographic":false}