{"cameraMode":{"drawMode":0,"name":"Shaded","section":"Shading Mode"},"sceneLighting":true,"audioPlay":false,"sceneViewState":{"m_AlwaysRefresh":false,"showFog":true,"showSkybox":true,"showFlares":true,"showImageEffects":true,"showParticleSystems":true,"showVisualEffectGraphs":true,"m_FxEnabled":true},"in2DMode":false,"pivot":{"x":-15.540884017944336,"y":1.2745471000671387,"z":18.714473724365236},"rotation":{"x":0.0692543312907219,"y":-0.6058410406112671,"z":0.05298978090286255,"w":0.7908636331558228},"size":13.443942070007325,"orthographic":false}